{
  "project_info": {
    "project_number": "713358176702",
    "project_id": "catit1",
    "storage_bucket": "catit1.appspot.com"
  },
  "client": [
    {
      "client_info": {
        "mobilesdk_app_id": "1:713358176702:android:ecefe5859d95963c0ec9ef",
        "android_client_info": {
          "package_name": "com.example.catit1"
        }
      },
      "oauth_client": [
        {
          "client_id": "713358176702-752e8ldgguqp145t9a0i0490v8inf2ht.apps.googleusercontent.com",
          "client_type": 3
        }
      ],
      "api_key": [
        {
          "current_key": "AIzaSyBcYY7VIzPz_V-C-UXhxRZ81qEnSq2jVNE"
        }
      ],
      "services": {
        "appinvite_service": {
          "other_platform_oauth_client": [
            {
              "client_id": "713358176702-752e8ldgguqp145t9a0i0490v8inf2ht.apps.googleusercontent.com",
              "client_type": 3
            }
          ]
        }
      }
    }
  ],
  "configuration_version": "1"
}